{
	"sapCaUiChartSemanticColor-Neutral-Dark": "#576f86",
	"sapCaUiChartSemanticColor-Neutral": "#6f89a1",
	"sapCaUiChartSemanticColor-Neutral-Light": "#8ea2b5",
	"sapCaUiChartSemanticColor-Good-Dark": "#236b38",
	"sapCaUiChartSemanticColor-Good": "#30914c",
	"sapCaUiChartSemanticColor-Good-Light": "#3db760",
	"sapCaUiChartSemanticColor-Critical-Dark": "#aa4b00",
	"sapCaUiChartSemanticColor-Critical": "#dd6100",
	"sapCaUiChartSemanticColor-Critical-Light": "#ff7911",
	"sapCaUiChartSemanticColor-Bad-Dark": "#ed0808",
	"sapCaUiChartSemanticColor-Bad": "#f83030",
	"sapCaUiChartSemanticColor-Bad-Light": "#fa6161",
	"sapCaUiChartBackgroundColor": "#355464",
	"sapCaUiChartAxisStroke": "#9cc2d1",
	"sapCaUiChartAxisGridlineColor": "#9cc2d1",
	"sapCaUiChartBackgroundStroke": "#9cc2d1",
	"sapCaUiChartFontFamily": "\"72\", \"72full\", Arial, Helvetica, sans-serif",
	"sapCaUiChartFontSize": ".75rem",
	"sapCaUiChartAxisFontSize": ".75rem",
	"sapCaUiChartFontColor": "#ededed",
	"sapCaUiChartFontWeight": "normal",
	"sapCaUiChartDataLabelShadow": "0px 0px 5px rgba(255,255,255,0.5)",
	"sapCaUiChartToolBarBackground": "#355464",
	"sapCaUiChartToolBarFullscreenBackground": "#355464",
	"sapCaUiChartToolBarTitleShadow": "#fff",
	"sapCaUiChartToolBarTitleFontFamily": "\"72\", \"72full\", Arial, Helvetica, sans-serif",
	"sapCaUiChartToolBarTitleFontSize": ".875rem",
	"sapCaUiChartToolBarTitleFontWeight": "normal",
	"sapCaUiChartToolBarTitleFontColor": "#99d9d9",
	"sapCaUiChartPopoverItemFontFamily": "\"72\", \"72full\", Arial, Helvetica, sans-serif",
	"sapCaUiChartPopoverItemFontSize": ".875rem",
	"sapCaUiChartPopoverItemFontColor": "#ededed",
	"sapCaUiChartPopoverItemFontWeight": "normal",
	"sapCaUiChartPopoverGroupFontFamily": "\"72\", \"72full\", Arial, Helvetica, sans-serif",
	"sapCaUiChartPopoverGroupFontSize": ".875rem",
	"sapCaUiChartPopoverGroupFontColor": "#ededed",
	"sapCaUiChartPopoverGroupFontWeight": "bold",
	"sapCaUiChartPopoverCloseIconSize": "38px",
	"sapCaUiChartTitleColor": "#ededed",
	"sapCaUiChartTitleFontFamily": "\"72\", \"72full\", Arial, Helvetica, sans-serif",
	"sapCaUiChartTitleFontSize": "1rem",
	"sapCaUiChartPopoverCloseIcon": "decline",
	"sapCaUiChartPopoverCloseIconColor": "#ededed",
	"sapCaUiChartToolBarIconColor": "#ededed",
	"sapCaUiChartToolBarActiveIconColor": "#000",
	"sapCaUiChartToolBarIconSize": "1.375rem"
}