{
	"_sap_suite_ui_commons_StatusIndicator_SmallLabelMargin": "0.375rem",
	"_sap_suite_ui_commons_StatusIndicator_MediumLabelMargin": "0.5rem",
	"_sap_suite_ui_commons_StatusIndicator_LargeLabelMargin": "0.75rem",
	"_sap_suite_ui_commons_StatusIndicator_ExtraLargeLabelMargin": "1rem",
	"_sap_suite_ui_commons_ThingCollection_Bg": "#5C6E7D",
	"_sap_suite_ui_commons_ThingCollection_LightBg": "#8EA5B9",
	"_sap_suite_ui_commons_ThreePanelThingViewer_HeaderBgHEX": "#F8F8F8",
	"_sap_suite_ui_commons_ThreePanelThingViewer_HeaderBgRGBA": "rgba(248, 248, 248, .85)",
	"_sap_suite_ui_commons_ThreePanelThingViewer_FacetBgRGBA": "rgba(255, 255, 255, .85)",
	"_sap_suite_ui_commons_ThreePanelThingViewer_TitleBgRGBA": "rgba(255, 255, 255, 0)",
	"_sap_suite_ui_commons_VerticalNavigationBar_BgRGBA": "rgba(255, 255, 255, .85)",
	"_sap_suite_ui_commons_VerticalNavigationBar_BorderColor": "#848484",
	"_sap_suite_ui_commons_VerticalNavigationBar_Shadow": "4px 4px 5px rgba(0, 0, 0, 0.4)",
	"_sap_f_Card_BorderRadius": "1rem",
	"_sap_suite_ui_commons_ProcessFlowConnection_StateRegular": "#969696",
	"_sap_suite_ui_commons_ProcessFlowConnection_StateSelected": "#001628",
	"_sap_suite_ui_commons_ProcessFlowConnection_StateDimmed": "#d8d8d8",
	"_sap_suite_ui_commons_ProcessFlowLaneHeader_PositiveColor": "#38a858",
	"_sap_suite_ui_commons_ProcessFlowLaneHeader_NegativeColor": "#f64f4f",
	"_sap_suite_ui_commons_ProcessFlowLaneHeader_CriticalColor": "#ff7307",
	"_sap_suite_ui_commons_ProcessFlowLaneHeader_NeutralColor": "#b0b0b0",
	"_sap_suite_ui_commons_ProcessFlowNode_BorderColorRegular": "#969696",
	"_sap_suite_ui_commons_ProcessFlowNode_BackgroundRegular": "#fefefe",
	"_sap_suite_ui_commons_ProcessFlowNode_BorderColorRegularPlanned": "#aaa",
	"_sap_suite_ui_commons_ProcessFlowNode_TextColorPlanned": "#001628",
	"_sap_suite_ui_commons_ProcessFlowNode_BackgroundHighlighted": "#fefefe",
	"_sap_suite_ui_commons_ProcessFlowNode_BackgroundDimmed": "#fefefe",
	"_sap_suite_ui_commons_ProcessFlowNode_BorderColorDimmed": "#d8d8d8",
	"_sap_suite_ui_commons_ProcessFlowNode_TextColorDimmed": "#aecdd9",
	"_sap_suite_ui_commons_ProcessFlowNode_BackgroundHover": "#f1f1f1",
	"_sap_suite_ui_commons_ProcessFlowNode_BackgroundFocused": "#fefefe",
	"_sap_suite_ui_commons_ProcessFlowNode_BorderColorFocused": "#0057d2",
	"_sap_suite_ui_commons_ProcessFlowNode_BorderColorFocusedDimmed": "#d8d8d8"
}