{
	"_sap_m_InputBase_InnerMinWidth": "3rem",
	"_sap_m_InputBaseWrapper_Sum_Border": "0.125rem",
	"_InputBase_Control_MinWidth": "3.13rem",
	"_sap_m_InputBase_InnerMinWidth_Compact": "2rem",
	"_InputBase_Control_MinWidth_Compact": "2.13rem",
	"sap_ui_mdc_Field_UnitMinWidth": "5.3rem",
	"sap_ui_mdc_Field_UnitMinWidth_Compact": "5rem",
	"_sap_ui_mdc_PersonalizationDialog_Border_LightColor": "#000",
	"_sap_ui_mdc_PersonalizationDialog_Border_DarkColor": "#68a2b9",
	"_sap_ui_mdc_Table_ExportButtonType": "Transparent",
	"mdctoken-large-line-height": "1.375rem",
	"mdctoken-small-line-height": "1rem",
	"mdctokenizer-large-line-height": "1.375rem",
	"mdctokenizer-small-line-height": "1rem",
	"mdctokenizer-large-padding-topbottom": "0.6875rem",
	"mdctokenizer-small-padding-topbottom": "0.3125rem"
}