{
	"_sap_ui_rta_Toolbar_Base_TextColor": "#fff",
	"_sap_ui_rta_Toolbar_Base_BaseColor": "#4c545d",
	"_sap_ui_rta_Toolbar_Base_BaseBG": "#fefefe",
	"_sap_ui_rta_Toolbar_Base_BoxShadow_DarkColor": "#000000",
	"_sap_ui_rta_Toolbar_Base_BoxShadow_LightColor": "#ffffff",
	"_sap_ui_rta_Toolbar_Border_Image": "repeating-linear-gradient(-45deg,#4c545d,#4c545d 0.25rem,#fff 0.25rem,#fff 0.375rem) 4",
	"_sap_ui_rta_Toolbar_Box_Shadow": "0.375rem 0.625rem 2rem rgba(0,0,0,0.3),0.125rem 0.375rem 1rem rgba(0,0,0,0.6),0 0 0 0.0625rem rgba(255,255,255,0.2),0 0.0625rem 0 0 rgba(255,255,255,0.2)",
	"_sap_ui_rta_Toolbar_Adaptation_BaseColor": "#fefefe",
	"_sap_ui_rta_Toolbar_Adaptation_BaseColorLight": "#bcbcbc",
	"_sap_ui_rta_Toolbar_Adaptation_TextColor": "#fefefe",
	"_sap_ui_rta_Toolbar_Adaptation_BtnFocusBorder": "transparent",
	"_sap_ui_rta_Toolbar_Adaptation_BtnHoverBG": "#ededed",
	"_sap_ui_rta_Toolbar_Adaptation_BorderColor": "grey",
	"_sap_ui_rta_Toolbar_Adaptation_DraftVersionColor": "#b44f00",
	"_sap_ui_rta_Toolbar_Adaptation_ActiveVersionColor": "#256f3a",
	"_sap_ui_rta_Toolbar_Adaptation_BoxShadow_DarkColor": "#000000",
	"_sap_ui_rta_Toolbar_Adaptation_BoxShadow_LightColor": "#ffffff",
	"_sap_ui_rta_Toolbar_Adaptation_BtnHoverText": "#fefefe",
	"_sap_ui_rta_Toolbar_Adaptation_SegBBtnHoverTextColor": "#fefefe",
	"_sap_ui_rta_Toolbar_Adaptation_FocusOutlineCol": "#68a2b9",
	"_sap_ui_rta_Toolbar_Adaptation_VersionHistoryHover": "#ededed",
	"_sap_ui_rta_Toolbar_Personalization_TextColor": "#fefefe",
	"_sap_ui_rta_Toolbar_Personalization_BaseColor": "#fefefe",
	"_sap_ui_rta_ChangeVisualization_ChangeIndicatorColorLight": "#448ad0",
	"_sap_ui_rta_ChangeVisualization_ChangeIndicatorColorMedium": "#2c5c8b",
	"_sap_ui_rta_ChangeVisualization_ChangeIndicatorColorDark": "#3403ff",
	"_sap_ui_rta_ChangeVisualization_DependentIndicatorColorTransparent": "#fefefe",
	"_sap_ui_rta_ChangeVisualization_OverlayBoxShadow": "0px 6px 12px 0px rgba(34,53,72,0.3)",
	"_sap_ui_rta_ChangeVisualization_OverlayOutline": "#68a2b9",
	"_sap_ui_rta_FieldRepository_Title": "#001628",
	"_sap_ui_rta_FieldRepository_BtnFocusOtline": "#c4c4c4",
	"_sap_ui_rta_FieldRepository_BC_Container_Border": "#d8d8d8",
	"_sap_ui_rta_Overlay_PersButtonBG": "#68a2b9",
	"_sap_ui_rta_Overlay_PersButtonBorder": "#f2f2f2",
	"_sap_ui_rta_Overlay_PersButtonIcon": "#f2f2f2",
	"_sap_ui_rta_Overlay_BorderColor": "#68a2b9",
	"_sap_ui_rta_Overlay_HoverBorder": "#fefefe",
	"_sap_ui_rta_Overlay_HoverBG": "rgba(104,162,185,0.05)",
	"_sap_ui_rta_Overlay_ErrorBorder": "#e90b0b",
	"_sap_ui_rta_Overlay_BoxShadow": "0px 6px 12px 0px rgba(34,53,72,0.3)",
	"_sap_ui_rta_Overlay_ShellBG": "transparent",
	"_sap_ui_rta_Overlay_PlaceholderBG": "#f8f6f6",
	"_sap_ui_rta_AddIFrame_Title": "#001628",
	"_sap_ui_rta_AddIFrame_DelimiterLineColor": "#d8d8d8",
	"_sap_ui_rta_AddIFrame_BorderColor": "#8a8a8a",
	"_sap_ui_rta_AddIFrame_PreviewBG": "#f2f2f2",
	"_sap_ui_rta_ContextMenu_Border_LightColor": "#ffffff",
	"_sap_ui_rta_ContextMenu_Border_DarkColor": "#68a2b9",
	"_sap_ui_rta_ContextMenu_BoxShadow_DarkColor": "#000000",
	"_sap_ui_rta_ContextMenu_BoxShadow_LightColor": "#ffffff",
	"_sap_ui_rta_ContextMenu_BoxShadow": "0.375rem 0.625rem 2rem rgba(0,0,0,0.3),0.125rem 0.375rem 1rem rgba(0,0,0,0.6),0 0 0 0.0625rem rgba(255,255,255,0.2),0 0.0625rem 0 0 rgba(255,255,255,0.2)",
	"_sap_ui_rta_Dialogs_BorderLightColor": "#355464",
	"_sap_ui_rta_Dialogs_BorderDarkColor": "#68a2b9",
	"_sap_ui_rta_Dialogs_BoxShadowDarkColor": "#000000",
	"_sap_ui_rta_Dialogs_BoxShadowLightColor": "#ffffff",
	"_sap_ui_rta_Dialogs_BorderBoxShadow": "0.375rem 0.625rem 2rem rgba(0,0,0,0.3),0.125rem 0.375rem 1rem rgba(0,0,0,0.6),0 0 0 0.0625rem rgba(255,255,255,0.2),0 0.0625rem 0 0 rgba(255,255,255,0.2)",
	"_sap_ui_rta_Dialogs_ArrowBoxShadow": "0.375rem -0.375rem 0.75rem 0 rgba(0,0,0,0.3),0 0 0 0.0625rem rgba(255,255,255,0.2)",
	"_sap_ui_rta_Dialogs_ArrowUpBoxShadow": "-0.375rem 0.375rem 0.75rem 0 rgba(0,0,0,0.3),0 0 0 0.0625rem rgba(255,255,255,0.2)",
	"_sap_ui_rta_Dialogs_BorderImage": "repeating-linear-gradient(-45deg, #68a2b9,#68a2b9 0.3125rem,#355464 0.3125rem,#355464 0.625rem) 4",
	"_sap_ui_rta_Dialogs_PopoverBorderImage": "repeating-linear-gradient(-45deg, #68a2b9,#68a2b9 0.25rem,#355464 0.25rem,#355464 0.375rem) 4",
	"_sap_ui_rta_Dialogs_ArrowBorderImage": "repeating-linear-gradient(-50deg, #68a2b9,#68a2b9 0.1875rem,#355464 0.1875rem,#355464 0.3125rem) 4",
	"_sap_ui_rta_Overlay_BorderRadius": ".5rem",
	"_sap_ui_rta_ContextMenu_Border_Radius": ".5rem",
	"_sap_ui_rta_AddIFrame_BorderRadius": ".5rem",
	"_sap_ui_rta_AddIFrame_PreviewTlbarHoverBG": "#ededed",
	"_sap_ui_rta_Dialogs_BorderRadius": ".75rem",
	"_sap_ui_rta_FieldRepository_ListSelect": "#eaeaea",
	"_sap_ui_rta_FieldRepository_BtnHoverOutline": "#6b6b6b",
	"_sap_ui_rta_FieldRepository_ListItmBorderRadius": ".5rem",
	"_sap_ui_rta_Toolbar_Adaptation_FocusColor": "#fefefe",
	"_sap_ui_rta_Toolbar_Adaptation_BorderRadius": ".5rem",
	"_sap_ui_rta_Toolbar_Base_OutlineColor": "#68a2b9",
	"_sap_ui_rta_ChangeVisualization_BorderRadius": ".5rem"
}