{
	"_sap_ui_unified_Calendar_sapUiCalItemType01": "#ffb300",
	"_sap_ui_unified_Calendar_sapUiCalItemType02": "#f5734b",
	"_sap_ui_unified_Calendar_sapUiCalItemType03": "#feabc8",
	"_sap_ui_unified_Calendar_sapUiCalItemType04": "#db7070",
	"_sap_ui_unified_Calendar_sapUiCalItemType05": "#ff8af0",
	"_sap_ui_unified_Calendar_sapUiCalItemType06": "#89d1ff",
	"_sap_ui_unified_Calendar_sapUiCalItemType07": "#2ce0bf",
	"_sap_ui_unified_Calendar_sapUiCalItemType08": "#97dd40",
	"_sap_ui_unified_Calendar_sapUiCalItemType09": "#a9b4be",
	"_sap_ui_unified_Calendar_sapUiCalItemType10": "#aa7dd9",
	"_sap_ui_unified_Calendar_sapUiCalItemType11": "#f58b00",
	"_sap_ui_unified_Calendar_sapUiCalItemType12": "#fbbfac",
	"_sap_ui_unified_Calendar_sapUiCalItemType13": "#ffa1a1",
	"_sap_ui_unified_Calendar_sapUiCalItemType14": "#ff9e74",
	"_sap_ui_unified_Calendar_sapUiCalItemType15": "#af9cc3",
	"_sap_ui_unified_Calendar_sapUiCalItemType16": "#aabce3",
	"_sap_ui_unified_Calendar_sapUiCalItemType17": "#dafdf5",
	"_sap_ui_unified_Calendar_sapUiCalItemType18": "#d5f1b1",
	"_sap_ui_unified_Calendar_sapUiCalItemType19": "#d1efff",
	"_sap_ui_unified_Calendar_sapUiCalItemType20": "#e2d8ff",
	"_sap_ui_unified_CalendarLegend_sapUiUnifiedLegendWorkingDay": "#365767",
	"_sap_ui_unified_CalendarLegend_sapUiUnifiedLegendNonWorkingDay": "#253b46",
	"_sap_ui_unified_CalendarLegend_sapUiCalLegDayType01": "#ffb300",
	"_sap_ui_unified_CalendarLegend_sapUiCalLegDayType02": "#f5734b",
	"_sap_ui_unified_CalendarLegend_sapUiCalLegDayType03": "#feabc8",
	"_sap_ui_unified_CalendarLegend_sapUiCalLegDayType04": "#db7070",
	"_sap_ui_unified_CalendarLegend_sapUiCalLegDayType05": "#ff8af0",
	"_sap_ui_unified_CalendarLegend_sapUiCalLegDayType06": "#89d1ff",
	"_sap_ui_unified_CalendarLegend_sapUiCalLegDayType07": "#2ce0bf",
	"_sap_ui_unified_CalendarLegend_sapUiCalLegDayType08": "#97dd40",
	"_sap_ui_unified_CalendarLegend_sapUiCalLegDayType09": "#a9b4be",
	"_sap_ui_unified_CalendarLegend_sapUiCalLegDayType10": "#aa7dd9",
	"_sap_ui_unified_CalendarLegend_sapUiCalLegDayType11": "#f58b00",
	"_sap_ui_unified_CalendarLegend_sapUiCalLegDayType12": "#fbbfac",
	"_sap_ui_unified_CalendarLegend_sapUiCalLegDayType13": "#ffa1a1",
	"_sap_ui_unified_CalendarLegend_sapUiCalLegDayType14": "#ff9e74",
	"_sap_ui_unified_CalendarLegend_sapUiCalLegDayType15": "#af9cc3",
	"_sap_ui_unified_CalendarLegend_sapUiCalLegDayType16": "#aabce3",
	"_sap_ui_unified_CalendarLegend_sapUiCalLegDayType17": "#dafdf5",
	"_sap_ui_unified_CalendarLegend_sapUiCalLegDayType18": "#d5f1b1",
	"_sap_ui_unified_CalendarLegend_sapUiCalLegDayType19": "#d1efff",
	"_sap_ui_unified_CalendarLegend_sapUiCalLegDayType20": "#e2d8ff",
	"_sap_ui_unified_CalendarRow_sapUiCalendarRowAppsType01": "#ffb300",
	"_sap_ui_unified_CalendarRow_sapUiCalendarRowAppsType02": "#f5734b",
	"_sap_ui_unified_CalendarRow_sapUiCalendarRowAppsType03": "#feabc8",
	"_sap_ui_unified_CalendarRow_sapUiCalendarRowAppsType04": "#db7070",
	"_sap_ui_unified_CalendarRow_sapUiCalendarRowAppsType05": "#ff8af0",
	"_sap_ui_unified_CalendarRow_sapUiCalendarRowAppsType06": "#89d1ff",
	"_sap_ui_unified_CalendarRow_sapUiCalendarRowAppsType07": "#2ce0bf",
	"_sap_ui_unified_CalendarRow_sapUiCalendarRowAppsType08": "#97dd40",
	"_sap_ui_unified_CalendarRow_sapUiCalendarRowAppsType09": "#a9b4be",
	"_sap_ui_unified_CalendarRow_sapUiCalendarRowAppsType10": "#aa7dd9",
	"_sap_ui_unified_CalendarRow_sapUiCalendarRowAppsType11": "#f58b00",
	"_sap_ui_unified_CalendarRow_sapUiCalendarRowAppsType12": "#fbbfac",
	"_sap_ui_unified_CalendarRow_sapUiCalendarRowAppsType13": "#ffa1a1",
	"_sap_ui_unified_CalendarRow_sapUiCalendarRowAppsType14": "#ff9e74",
	"_sap_ui_unified_CalendarRow_sapUiCalendarRowAppsType15": "#af9cc3",
	"_sap_ui_unified_CalendarRow_sapUiCalendarRowAppsType16": "#aabce3",
	"_sap_ui_unified_CalendarRow_sapUiCalendarRowAppsType17": "#dafdf5",
	"_sap_ui_unified_CalendarRow_sapUiCalendarRowAppsType18": "#d5f1b1",
	"_sap_ui_unified_CalendarRow_sapUiCalendarRowAppsType19": "#d1efff",
	"_sap_ui_unified_CalendarRow_sapUiCalendarRowAppsType20": "#e2d8ff",
	"_sap_ui_unified_CalendarRow_sapUiCalendarRowAppsBackgroundType01": "#382700",
	"_sap_ui_unified_CalendarRow_sapUiCalendarRowAppsBackgroundType02": "#501605",
	"_sap_ui_unified_CalendarRow_sapUiCalendarRowAppsBackgroundType03": "#510136",
	"_sap_ui_unified_CalendarRow_sapUiCalendarRowAppsBackgroundType04": "#411c1c",
	"_sap_ui_unified_CalendarRow_sapUiCalendarRowAppsBackgroundType05": "#28004a",
	"_sap_ui_unified_CalendarRow_sapUiCalendarRowAppsBackgroundType06": "#00144a",
	"_sap_ui_unified_CalendarRow_sapUiCalendarRowAppsBackgroundType07": "#012931",
	"_sap_ui_unified_CalendarRow_sapUiCalendarRowAppsBackgroundType08": "#1f2519",
	"_sap_ui_unified_CalendarRow_sapUiCalendarRowAppsBackgroundType09": "#182430",
	"_sap_ui_unified_CalendarRow_sapUiCalendarRowAppsBackgroundType10": "#30164b",
	"_sap_ui_unified_CalendarRow_sapUiCalendarRowAppsBackgroundType11": "#571400",
	"_sap_ui_unified_CalendarRow_sapUiCalendarRowAppsBackgroundType12": "#360c03",
	"_sap_ui_unified_CalendarRow_sapUiCalendarRowAppsBackgroundType13": "#3d0000",
	"_sap_ui_unified_CalendarRow_sapUiCalendarRowAppsBackgroundType14": "#421502",
	"_sap_ui_unified_CalendarRow_sapUiCalendarRowAppsBackgroundType15": "#332640",
	"_sap_ui_unified_CalendarRow_sapUiCalendarRowAppsBackgroundType16": "#121d35",
	"_sap_ui_unified_CalendarRow_sapUiCalendarRowAppsBackgroundType17": "#013131",
	"_sap_ui_unified_CalendarRow_sapUiCalendarRowAppsBackgroundType18": "#1e3009",
	"_sap_ui_unified_CalendarRow_sapUiCalendarRowAppsBackgroundType19": "#0a285c",
	"_sap_ui_unified_CalendarRow_sapUiCalendarRowAppsBackgroundType20": "#30164b",
	"_sap_ui_unified_ColorPicker_CircleSize": "13px",
	"_sap_ui_unified_ColorPicker_commonsCircleSize": "8px",
	"_sap_ui_unified_Menu_ItmHeight": "2rem",
	"_sap_ui_unified_Menu_ItmPadding": "0.5rem",
	"_sap_ui_unified_Menu_ItmHeightCozy": "3rem",
	"_sap_ui_unified_Menu_ItmPaddingCozy": "1rem",
	"_sap_ui_unified_ShellHeader_CenterAnimDuration": "200ms",
	"_sap_ui_unified_ShellHeader_CenterAnimDelay": "30ms",
	"_sap_ui_unified_ShellHeader_ButtonOuterSpace": "4px",
	"_sap_ui_unified_ShellHeader_ButtonInnerSpace": "9px",
	"_sap_ui_unified_ShellHeader_ButtonOutlineWidth": "1px",
	"_sap_ui_unified_ShellHeader_ButtonSeparatorWidth": "1px",
	"_sap_ui_unified_ShellHeader_ButtonBorderRadius": "2px",
	"_sap_ui_unified_ShellHeader_BrandHeight": "4px",
	"_sap_ui_unified_ShellHeader_HeaderBarHeight": "44px",
	"_sap_ui_unified_ShellHeader_ButtonHeight": "36px",
	"_sap_ui_unified_ShellHeader_AnimDuration": "500ms",
	"_sap_ui_unified_ShellLayout_BrandHeight": "4px",
	"_sap_ui_unified_ShellLayout_HeaderBarHeight": "44px",
	"_sap_ui_unified_ShellLayout_HeadHeight": "48px",
	"_sap_ui_unified_ShellLayout_AnimDuration": "500ms",
	"_sap_ui_unified_ShellOverlay_AnimDuration": "525ms",
	"_sap_ui_unified_ShellOverlay_CntntOpenAnimDuration": "350ms",
	"_sap_ui_unified_ShellOverlay_CntntOpenAnimDelay": "75ms",
	"_sap_ui_unified_ShellOverlay_CntntCloseAnimDuration": "350ms",
	"_sap_ui_unified_ShellOverlay_CntntInnerOpenAnimDuration": "175ms",
	"_sap_ui_unified_ShellOverlay_CntntInnerOpenAnimDelay": "308.33333333ms",
	"_sap_ui_unified_ShellOverlay_CntntInnerCloseAnimDuration": "175ms",
	"_sap_ui_unified_ShellOverlay_CntntInnerCloseAnimDelay": "0",
	"_sap_ui_unified_ShellOverlay_CntntCloseAnimDelay": "175ms",
	"_sap_ui_unified_ShellOverlay_SearchOpenAnimDuration": "525ms",
	"_sap_ui_unified_ShellOverlay_SearchCloseAnimDuration": "525ms",
	"_sap_ui_unified_ShellOverlay_BlockLayerAnimDuration": "210ms",
	"_sap_ui_unified_ShellOverlay_OpenAnimOverAll": "483.33333333ms",
	"_sap_ui_unified_ShellOverlay_CloseAnimOverAll": "525ms",
	"_sap_ui_unified_ShellOverlay_HeaderBarHeight": "44px",
	"_sap_ui_unified_ShellOverlay_BrandHeight": "4px",
	"_sap_ui_unified_ShellOverlay_HeadHeight": "48px",
	"_sap_ui_unified_SplitContainer_AnimationDuration": "500ms",
	"_sap_ui_unified_Calendar_ItemColor": "#355464",
	"_sap_ui_unified_Calendar_ItemHoverColor": "#002c51",
	"_sap_ui_unified_Calendar_ItemBorderColor": "#355464",
	"_sap_ui_unified_Calendar_ItemWeekEndColor": "#273e49",
	"_sap_ui_unified_Calendar_ItemWeekEndHoverColor": "#002c51",
	"_sap_ui_unified_Calendar_ItemOtherMonthColor": "#99d9d9",
	"_sap_ui_unified_ShellLayout_CurtainBGStartColor": "rgba(53,84,100,0.97)",
	"_sap_ui_unified_ShellLayout_CurtainBGEndColor": "rgba(255,255,255,0.97)"
}