{
	"_sap_suite_ui_microchart_InteractiveBarChart_BarBackground": "#5797b1",
	"_sap_suite_ui_microchart_InteractiveBarChart_BarHoverBackground": "rgba(87,151,177,0.2)",
	"_sap_suite_ui_microchart_InteractiveBarChart_BarSelectedBackground": "rgba(87,151,177,0.2)",
	"_sap_suite_ui_microchart_InteractiveBarChart_BarSelectedHoverBackground": "rgba(87,151,177,0.4)",
	"_sap_suite_ui_microchart_InteractiveBarChart_BarHoverBorder": "rgba(87,151,177,0.6)",
	"_sap_suite_ui_microchart_InteractiveDonutChart_SegmentHoverBackground": "rgba(87,151,177,0.2)",
	"_sap_suite_ui_microchart_InteractiveDonutChart_SegmentSelectedBackground": "rgba(87,151,177,0.4)",
	"_sap_suite_ui_microchart_InteractiveDonutChart_SegmentSelectedHoverBackground": "rgba(87,151,177,0.6)",
	"_sap_suite_ui_microchart_InteractiveDonutChart_SegmentBorderHover": "rgba(87,151,177,0.4)",
	"_sap_suite_ui_microchart_InteractiveDonutChart_SegmentBorderHoverSelected": "rgba(87,151,177,0.8)",
	"_sap_suite_ui_microchart_InteractiveDonutChart_SegmentBorder": "#5797b1",
	"_sap_suite_ui_microchart_InteractiveDonutChart_SegmentFillColor": "#5797b1",
	"_sap_suite_ui_microchart_InteractiveLineChart_LineColor": "#5797b1",
	"_sap_suite_ui_microchart_InteractiveLineChart_SectionHoverBackground": "rgba(87,151,177,0.2)",
	"_sap_suite_ui_microchart_InteractiveLineChart_SectionHoverBorder": "rgba(87,151,177,0.6)",
	"_sap_suite_ui_microchart_InteractiveLineChart_SectionSelectedBackground": "rgba(104,162,185,0.2)",
	"_sap_suite_ui_microchart_InteractiveLineChart_SectionSelectedHoverBackground": "rgba(104,162,185,0.4)",
	"_sap_suite_ui_microchart_InteractiveLineChart_BottomLabelBorderColor": "#0a0a0a",
	"_sap_suite_ui_microchart_InteractiveLineChart_DividerColor": "#0a0a0a",
	"_sap_suite_ui_microchart_InteractiveLineChart_SelectedPointBorder": "rgba(87,151,177,0.2)",
	"_sap_suite_ui_microchart_InteractiveLineChart_HoverPointBorder": "rgba(87,151,177,0.2)",
	"_sap_suite_ui_microchart_InteractiveLineChart_SelectedHoverPointBorder": "rgba(87,151,177,0.4)"
}