{
	"_sap_ushell_ShellHeader_BarHeight": "2.75rem",
	"_sap_ushell_CoPilot_DockingWidth": "26rem",
	"AppFinderTileBorderRadius": "0.25rem",
	"_sap_ushell_DynamicTile_NumberFontSizeDesktop": "3rem",
	"_sap_ushell_DynamicTile_NumberFontSizePhone": "2rem",
	"_sap_ushell_DynamicTile_NumberMarginDesktop": "0.5rem",
	"_sap_ushell_DynamicTile_NumberMarginPhone": "0.19rem",
	"_sap_ushell_DynamicTile_NumberFactorFontSizeDesktop": "0.88rem",
	"_sap_ushell_DynamicTile_NumberFactorFontSizePhone": "0.88rem",
	"_sap_ushell_DynamicTile_BottomDesktop": "1.875rem",
	"_sap_ushell_DynamicTile_BottomPhone": "1.750rem",
	"_sap_ushell_Tile_WidthDesktop": "11rem",
	"_sap_ushell_Tile_HeightDesktop": "11rem",
	"_sap_ushell_Tile_LongWidthDesktop": "23rem",
	"_sap_ushell_Tile_WidthPhone": "9.25rem",
	"_sap_ushell_Tile_HeightPhone": "9.25rem",
	"_sap_ushell_Tile_LongWidthPhone": "19.5rem",
	"_sap_ushell_Tile_LongHeightPhone": "9.25rem",
	"_sap_ushell_Tile_ShadowWidth": "0.25rem",
	"_sap_ushell_Tile_Spacing": "1rem",
	"_sap_ushell_Tile_SpacingXS": "0.475rem",
	"_sap_ushell_Tile_SpacingS": "0.475rem",
	"_sap_ushell_Tile_WidthXS": "4.375rem",
	"_sap_ushell_Tile_WidthS": "5.25rem",
	"_sap_ushell_Tile_Width": "5rem",
	"_sap_ushell_Tile_FooterCornerRadius": "0.25rem",
	"_sap_ushell_Tile_FooterPosition": "relative",
	"_sap_ushell_Tile_FooterPositionTop": "0.44rem",
	"_sap_ushell_Tile_FooterTextAlignment": "center",
	"_sap_ushell_Tile_FooterLineHeight": "inherit",
	"_sap_ushell_TileBase_TextHighlightBgColor": "#382700",
	"_sap_ushell_TileBase_TitleFontFamily": "\"72\", \"72full\", Arial, Helvetica, sans-serif",
	"_sap_ushell_TileBase_FontWeight": "normal",
	"_sap_ushell_TileBase_SubtitleFontFamily": "\"72\", \"72full\", Arial, Helvetica, sans-serif",
	"_sap_ushell_TileBase_SubtitleFontWeight": "normal",
	"_sap_ushell_TileBase_TitleFontSizeDesktop": "1rem",
	"_sap_ushell_TileBase_TitleLineHeightDesktop": "1.25rem",
	"_sap_ushell_TileBase_TitleMaxHeightDesktop": "2.4rem",
	"_sap_ushell_TileBase_TitleFontSizePhone": "0.875rem",
	"_sap_ushell_TileBase_TitleLineHeightPhone": "1.25rem",
	"_sap_ushell_TileBase_SubtitleFontSizeDesktop": "0.875rem",
	"_sap_ushell_TileBase_SubtitleLineHeightDesktop": "1.375rem",
	"_sap_ushell_TileBase_SubtitleFontSizePhone": "0.75rem",
	"_sap_ushell_TileBase_SubtitleLineHeightPhone": "1.125rem",
	"_sap_ushell_TileBase_BottomLineFontFamily": "\"72\", \"72full\", Arial, Helvetica, sans-serif",
	"_sap_ushell_TileBase_BottomLineFontWeight": "normal",
	"_sap_ushell_TileBase_BottomLineFontSizeDesktop": "0.875rem",
	"_sap_ushell_TileBase_BottomLineLineHeightDesktop": "1.38rem",
	"_sap_ushell_TileBase_BottomLineBottomDesktop": "0.125rem",
	"_sap_ushell_TileBase_BottomLineFontSizePhone": "0.75rem",
	"_sap_ushell_TileBase_BottomLineLineHeightPhone": "1.13rem",
	"_sap_ushell_TileBase_BottomLineBottomPhone": "0.31rem",
	"_sap_ushell_TileBase_IconBottomDesktop": "2rem",
	"_sap_ushell_TileBase_IconFontSizeDesktop": "2.25rem",
	"_sap_ushell_TileBase_IconBottomPhone": "1.81rem",
	"_sap_ushell_TileBase_IconFontSizePhone": "1.5rem",
	"_sap_ushell_TileBase_PaddingDesktopHorizontal": "0.5rem",
	"_sap_ushell_TileBase_PaddingDesktopVertical": "0.5rem",
	"_sap_ushell_TileBase_PaddingPhoneHorizontal": "0.375rem",
	"_sap_ushell_TileBase_PaddingPhoneVertical": "0.625rem",
	"_sap_ushell_ActionMode_ActiveTile": "rgba(53,84,100,0.3)",
	"_sapUshellAnchorItem_FirstItem_NoLeftMargin": "0",
	"_sap_ushell_Tile_TextColor": "#99d9d9",
	"_sap_ushell_Tile_FooterBorder": "#355464",
	"_sap_ushell_Tile_FooterIconColor": "#99d9d9",
	"_sap_ushell_TileBase_SubtitleColor": "#e3f5f5",
	"_sap_ushell_TileContainer_GroupHeaderTitleColor": "#ededed",
	"_sap_ushell_TileContainer_GroupTitleFontFamily": "\"72\", \"72full\", Arial, Helvetica, sans-serif",
	"_sap_ushell_TileContainer_GroupTitleFontWeight": "bold",
	"_sap_ushell_TileContainer_EditModeBGColor": "rgba(53,84,100,0.3)",
	"_sap_ushell_TileContainer_PlaceholderColor": "#ededed",
	"_sap_ushell_TileContainer_AddGroupText": "#99d9d9",
	"_sap_ushell_LinkContainer_BackgroundColor": "#355464",
	"_sap_ushell_TileContainer_HiddenGroupBackground": "rgba(0,0,0,0.1)",
	"_sap_ushell_TileContainer_GroupTitleFontSizeDesktop": "1.25rem",
	"_sap_ushell_TileContainer_GroupTitleFontSizePhone": "1.25rem",
	"_sap_ushell_TileContainer_CatalogGroupTitleFontFamily": "\"72\", \"72full\", Arial, Helvetica, sans-serif",
	"_sap_ushell_TileContainer_CatalogGroupTitleFontWeight": "bold"
}