{
	"_sap_suite_ui_microchart_InteractiveBarChart_BarBackground": "#99d9d9",
	"_sap_suite_ui_microchart_InteractiveBarChart_BarHoverBackground": "rgba(153,217,217,0.2)",
	"_sap_suite_ui_microchart_InteractiveBarChart_BarSelectedBackground": "rgba(153,217,217,0.2)",
	"_sap_suite_ui_microchart_InteractiveBarChart_BarSelectedHoverBackground": "rgba(153,217,217,0.4)",
	"_sap_suite_ui_microchart_InteractiveBarChart_BarHoverBorder": "rgba(153,217,217,0.6)",
	"_sap_suite_ui_microchart_InteractiveDonutChart_SegmentHoverBackground": "rgba(153,217,217,0.2)",
	"_sap_suite_ui_microchart_InteractiveDonutChart_SegmentSelectedBackground": "rgba(153,217,217,0.4)",
	"_sap_suite_ui_microchart_InteractiveDonutChart_SegmentSelectedHoverBackground": "rgba(153,217,217,0.6)",
	"_sap_suite_ui_microchart_InteractiveDonutChart_SegmentBorderHover": "rgba(153,217,217,0.4)",
	"_sap_suite_ui_microchart_InteractiveDonutChart_SegmentBorderHoverSelected": "rgba(153,217,217,0.8)",
	"_sap_suite_ui_microchart_InteractiveDonutChart_SegmentBorder": "#99d9d9",
	"_sap_suite_ui_microchart_InteractiveDonutChart_SegmentFillColor": "#99d9d9",
	"_sap_suite_ui_microchart_InteractiveLineChart_LineColor": "#99d9d9",
	"_sap_suite_ui_microchart_InteractiveLineChart_SectionHoverBackground": "rgba(153,217,217,0.2)",
	"_sap_suite_ui_microchart_InteractiveLineChart_SectionHoverBorder": "rgba(153,217,217,0.6)",
	"_sap_suite_ui_microchart_InteractiveLineChart_SectionSelectedBackground": "rgba(104,162,185,0.2)",
	"_sap_suite_ui_microchart_InteractiveLineChart_SectionSelectedHoverBackground": "rgba(104,162,185,0.4)",
	"_sap_suite_ui_microchart_InteractiveLineChart_BottomLabelBorderColor": "#030505",
	"_sap_suite_ui_microchart_InteractiveLineChart_DividerColor": "#030505",
	"_sap_suite_ui_microchart_InteractiveLineChart_SelectedPointBorder": "rgba(153,217,217,0.2)",
	"_sap_suite_ui_microchart_InteractiveLineChart_HoverPointBorder": "rgba(153,217,217,0.2)",
	"_sap_suite_ui_microchart_InteractiveLineChart_SelectedHoverPointBorder": "rgba(153,217,217,0.4)"
}