{
	"_sap_rules_ui_AstExpression_Color": "#fff",
	"_sap_rules_ui_AstExpression_BorderError": "#fa6161",
	"_sap_rules_ui_AstExpression_VariableClassColor": "#FF0000",
	"_sap_rules_ui_AstExpression_RangeColor": "#fff",
	"_sap_rules_ui_AstExpression_OperatorColor": "#32CD32",
	"_sap_rules_ui_AstExpression_FunctionalOperatorColor": "#8B008B",
	"_sap_rules_ui_AstExpression_FunctionColor": "#99d9d9",
	"_sap_rules_ui_AstExpression_ParenthesisColor": "#fff",
	"_sap_rules_ui_AstExpression_LiteralColor": "#fff",
	"_sap_rules_ui_AstExpression_LogicalOpertorColor": "#ADFF2F",
	"_sap_rules_ui_AstExpression_FieldBorderColor": "#68a2b9",
	"_sap_rules_ui_AstExpression_PopoverBorderColor": "#68a2b9",
	"_sap_rules_ui_AstExpression_SelectionColor": "#99d9d9"
}