{
	"_sap_ui_dt_Overlay_FocusColor": "#355464",
	"_sap_ui_dt_Overlay_TargetZoneColor": "#68a2b9",
	"_sap_ui_dt_Overlay_SelectionColor": "#68a2b9",
	"_sap_ui_dt_Overlay_CuttedColor": "#f2f2f2",
	"_sap_ui_dt_Overlay_CuttedBorder": "#8a8a8a",
	"_sap_ui_dt_Overlay_HighlightColor": "#355464",
	"_sap_ui_dt_Overlay_ActiveBG": "rgba(138,138,138,0.1)",
	"_sap_ui_dt_ContextMenu_HoverBGColor": "#ededed",
	"_sap_ui_dt_ContextMenu_OpenMenuBGColor": "#f2f2f2",
	"_sap_ui_dt_ContextMenu_Focus_BorderColor": "#68a2b9",
	"_sap_ui_dt_ContextMenu_Border_Radius": ".25rem",
	"_sap_ui_dt_Overlay_BorderRadius": ".5rem",
	"_sap_ui_dt_Overlay_BoxShadow": "0px 6px 12px 0px rgba(34,53,72,0.3)"
}