{
	"_sap_suite_ui_commons_StatusIndicator_SmallLabelMargin": "0.375rem",
	"_sap_suite_ui_commons_StatusIndicator_MediumLabelMargin": "0.5rem",
	"_sap_suite_ui_commons_StatusIndicator_LargeLabelMargin": "0.75rem",
	"_sap_suite_ui_commons_StatusIndicator_ExtraLargeLabelMargin": "1rem",
	"_sap_suite_ui_commons_ThingCollection_Bg": "#5C6E7D",
	"_sap_suite_ui_commons_ThingCollection_LightBg": "#8EA5B9",
	"_sap_suite_ui_commons_ThreePanelThingViewer_HeaderBgHEX": "#F8F8F8",
	"_sap_suite_ui_commons_ThreePanelThingViewer_HeaderBgRGBA": "rgba(248, 248, 248, .85)",
	"_sap_suite_ui_commons_ThreePanelThingViewer_FacetBgRGBA": "rgba(255, 255, 255, .85)",
	"_sap_suite_ui_commons_ThreePanelThingViewer_TitleBgRGBA": "rgba(255, 255, 255, 0)",
	"_sap_suite_ui_commons_VerticalNavigationBar_BgRGBA": "rgba(255, 255, 255, .85)",
	"_sap_suite_ui_commons_VerticalNavigationBar_BorderColor": "#848484",
	"_sap_suite_ui_commons_VerticalNavigationBar_Shadow": "4px 4px 5px rgba(0, 0, 0, 0.4)",
	"_sap_f_Card_BorderRadius": "1rem",
	"_sap_suite_ui_commons_ProcessFlowConnection_StateRegular": "#68a2b9",
	"_sap_suite_ui_commons_ProcessFlowConnection_StateSelected": "#ededed",
	"_sap_suite_ui_commons_ProcessFlowConnection_StateDimmed": "#477085",
	"_sap_suite_ui_commons_ProcessFlowLaneHeader_PositiveColor": "#7dc724",
	"_sap_suite_ui_commons_ProcessFlowLaneHeader_NegativeColor": "#fb7f7f",
	"_sap_suite_ui_commons_ProcessFlowLaneHeader_CriticalColor": "#ffca17",
	"_sap_suite_ui_commons_ProcessFlowLaneHeader_NeutralColor": "#d5dadf",
	"_sap_suite_ui_commons_ProcessFlowNode_BorderColorRegular": "#68a2b9",
	"_sap_suite_ui_commons_ProcessFlowNode_BackgroundRegular": "#355464",
	"_sap_suite_ui_commons_ProcessFlowNode_BorderColorRegularPlanned": "#84b3c6",
	"_sap_suite_ui_commons_ProcessFlowNode_TextColorPlanned": "#ededed",
	"_sap_suite_ui_commons_ProcessFlowNode_BackgroundHighlighted": "#355464",
	"_sap_suite_ui_commons_ProcessFlowNode_BackgroundDimmed": "#355464",
	"_sap_suite_ui_commons_ProcessFlowNode_BorderColorDimmed": "#477085",
	"_sap_suite_ui_commons_ProcessFlowNode_TextColorDimmed": "#e3f5f5",
	"_sap_suite_ui_commons_ProcessFlowNode_BackgroundHover": "#2c4653",
	"_sap_suite_ui_commons_ProcessFlowNode_BackgroundFocused": "#355464",
	"_sap_suite_ui_commons_ProcessFlowNode_BorderColorFocused": "#89d1ff",
	"_sap_suite_ui_commons_ProcessFlowNode_BorderColorFocusedDimmed": "#477085"
}