{
	"_sap_m_Badge_AttentionBackgroundColor": "#ff8cb2",
	"_sap_m_Popover_Scroll_Width_Buffer": "20px",
	"_sap_m_Avatar_Font_Size_XL": "3rem",
	"_sap_m_Avatar_Font_Size_L": "2.25rem",
	"_sap_m_Avatar_Font_Size_M": "1.5rem",
	"_sap_m_Avatar_Font_Size_S": "1.125rem",
	"_sap_m_Avatar_Font_Size_XS": "1rem",
	"_sap_m_Avatar_Hover_Box_Shadow_Offset": "0px 0px 0px 0.0625rem",
	"css-selector": "sapFAvatarColorAccent@{accentIndex}",
	"color-param": "sapUiAvatar@{accentIndex}TextColor",
	"border-param": "sapAvatar_@{accentIndex}_TextColor",
	"background-param": "sapUiAvatar@{accentIndex}Background",
	"_sap_m_Bar_AppHeight": "3333px",
	"_sap_m_Bar_HeaderHeight": "68px",
	"_sap_m_Bar_MinHeightForHeader": "3401px",
	"_sap_m_Breadcrumbs_MinWidth_OFT": "1px",
	"_sap_m_BusyDialog_IndicatorMargin": "1.5rem 0",
	"_sap_m_BusyDialog_IndicatorMarginCompact": "1.5rem 0",
	"_sap_m_Carousel_BackgroundColorSolid": "#355464",
	"_sap_m_Carousel_BackgroundColorTransparent": "transparent",
	"_sap_m_Carousel_BackgroundColorTranslucent": "#001628",
	"_sap_m_Carousel_MinWidth": "15.5rem",
	"_sap_m_Carousel_ControlsNoArrowsHeight": "2.75rem",
	"_sap_m_Carousel_NumericIndicatorTextColor": "#ededed",
	"_sap_m_Carousel_PrevAndNextSize": "2.125rem",
	"_sap_m_Carousel_PrevAndNextPosition": "0.5rem",
	"_sap_m_Carousel_PrevAndNextFocusBorderRadius": "inherit",
	"_sap_m_Carousel_PageIndicatorContainerPadding": "0.5rem",
	"_sap_m_Carousel_PageIndicatorWidthSizeS": "9rem",
	"_sap_m_Carousel_PageIndicatorWidthSizeM": "9rem",
	"_sap_m_Carousel_PageIndicatorWidthSizeL": "9rem",
	"_sap_m_Carousel_PageIndicatorWidthSizeXL": "9rem",
	"_sap_m_Carousel_ContentArrowBoxShadow": "0 0 0 0.0625rem rgba(255,255,255,0.35), 0 0.125rem 0.5rem 0 rgba(0,0,0,0.6)",
	"_sap_m_Carousel_BulletInactiveBackground": "#68a2b9",
	"_sap_m_Carousel_BulletInactiveBorderColor": "#68a2b9",
	"_sap_m_Carousel_BulletActiveBackground": "#99d9d9",
	"_sap_m_Carousel_BulletActiveBorder": "#99d9d9",
	"_sap_m_Carousel_BulletInactiveWidth": "0.25rem",
	"_sap_m_Carousel_BulletInactiveMargin": "0 0.375rem",
	"_sap_m_Carousel_FocusBorderOffsetArrow": "-0.125rem",
	"_sap_m_Carousel_ContrastFocusBorder": ".125rem solid #000",
	"_sap_m_Carousel_FocusBorder": ".125rem solid #68a2b9",
	"_sap_m_table_SelectionControlWidth": "2.75rem",
	"_sap_m_ColorPalette_SwatchesPerRow": "5",
	"_sap_m_ColorPalette_SwatchContainerPaddingLeftRightCozy": "0.6875rem",
	"_sap_m_ColorPalette_SwatchContainerPaddingTopBottomCozy": "0.3125rem",
	"_sap_m_ColorPalette_SwatchWidthHitAreaCozy": "2.375rem",
	"_sap_m_ColorPalette_SwatchWidthCozy": "1.75rem",
	"_sap_m_ColorPalette_SwatchContainerPaddingLeftRightCompact": "0.8125rem",
	"_sap_m_ColorPalette_SwatchContainerPaddingTopBottomCompact": "0.1875rem",
	"_sap_m_ColorPalette_SwatchWidthHitAreaCompact": "1.75rem",
	"_sap_m_ColorPalette_SwatchWidthCompact": "1.25rem",
	"_sap_m_ColorPalette_SwatchContainerPaddingLeftRightPhone": "0.625rem",
	"_sap_m_ColorPalette_SwatchContainerPaddingTopBottomPhone": "0.375rem",
	"_sap_m_ColorPalette_SwatchMaxWidthPhone": "4.5rem",
	"_sap_m_ColorPalette_SwatchMarginPhone": "0.375rem",
	"_sap_m_Dialog_VerticalMargin": "3%",
	"_sap_m_Dialog_BarHeight": "2.75rem",
	"_sap_m_Dialog_BarCompactHeight": "2.5rem",
	"_sap_m_Dialog_SubHeaderHeight": "3rem",
	"_sap_m_Dialog_SubHeaderCompactHeight": "2.25rem",
	"_sap_m_Dialog_InfoDesignBarHeight": "2rem",
	"_sap_m_Dialog_Padding": "1rem",
	"_sap_m_Dialog_NoStateHeaderShadow": "0 0.125rem 0.125rem 0 rgba(0,0,0,0.2), inset 0 -0.0625rem 0 0 #436a7f",
	"_sap_m_Dialog_SuccessHeaderShadow": "inset 0 -0.0625rem #6dad1f, 0 0.125rem 0.125rem 0 rgba(0,0,0,0.2), inset 0 -0.0625rem 0 0 #436a7f",
	"_sap_m_Dialog_ErrorHeaderShadow": "inset 0 -0.0625rem #fa6161, 0 0.125rem 0.125rem 0 rgba(0,0,0,0.2), inset 0 -0.0625rem 0 0 #436a7f",
	"_sap_m_Dialog_WarningHeaderShadow": "inset 0 -0.0625rem #f7bf00, 0 0.125rem 0.125rem 0 rgba(0,0,0,0.2), inset 0 -0.0625rem 0 0 #436a7f",
	"_sap_m_Dialog_InformationHeaderShadow": "inset 0 -0.0625rem #68a2b9, 0 0.125rem 0.125rem 0 rgba(0,0,0,0.2), inset 0 -0.0625rem 0 0 #436a7f",
	"_sap_m_Dialog_HeaderFocusBorderRadius": ".75rem",
	"_sap_m_Dialog_HeaderFocusBorderBottomOffset": "0.125rem",
	"_sap_m_Dialog_HeaderFocusBorderTopOffset": "0.0625rem",
	"_sap_m_Dialog_HeaderFocusBorderLeftOffset": "0.0625rem",
	"_sap_m_Dialog_HeaderFocusBorderRightOffset": "0.0625rem",
	"sapMGenericTagBorderWidth": "0.375rem",
	"sapMGenericTagPaddingLeft": "0.25rem",
	"sapMGenericTagStatusIconWidth": "1rem",
	"sapMGenericTagIconPaddingRight": "0.375rem",
	"sapMGenericTagTextMinWidth": "1.5625rem",
	"sapMGenericTagHeightCompact": "1.625rem",
	"sapMGenericTagHeightCozy": "1.625rem",
	"_sap_m_IconTabBar_TextColor": "#ededed",
	"_sap_m_IconTabBar_TextShadow": "none",
	"_sap_m_IconTabBar_DisabledOpacity": "0.4",
	"_sap_m_IconTabBar_Separator_Icon": "#68a2b9",
	"_sap_m_IconTabBar_Separator_Font_Size": "1rem",
	"_sap_m_IconTabBar_More_Button_Focus_Offset": "-0.3125rem",
	"_sap_m_IconTabBar_Arrow_SubItem_Left_Padding": "0.5rem",
	"_sap_m_IconTabBar_More_Button_Border_Radius": "inherit",
	"_sap_m_IconTabBar_HeaderMinHeight": "2.75rem",
	"_sap_m_IconTabBar_ContentArrowBorderWidth": "0.1875rem",
	"_sap_m_IconTabBar_ContentArrowHeight": "0.875rem",
	"_sap_m_IconTabBar_InLineFilterMargin": "0.875rem 0 0 0",
	"_sap_m_IconTabBar_InLineTextOnlyVerticalHeight": "2.75rem",
	"_sap_m_IconTabBar_InLineTextOnlyContentArrowHeight": "0.875rem",
	"_sap_m_IconTabBar_TextOnlyTabPadding": "0 0 0.125rem 0",
	"_sap_m_IconTabBar_TextOnlyVerticalHeight": "3rem",
	"_sap_m_IconTabBar_NoTextFilterWidth": "3.125rem",
	"_sap_m_IconTabBar_NoTextVerticalHeight": "3.75rem",
	"_sap_m_IconTabBar_NoTextVerticalContentArrowHeight": "1rem",
	"_sap_m_IconTabBar_AllTabHeight": "2.875rem",
	"_sap_m_IconTabBar_AllTabLineHeight": "2.875rem",
	"_sap_m_IconTabBar_AllTabMarginBottom": "0.375rem",
	"_sap_m_IconTabBar_HorizontalFilterHeight": "3.75rem",
	"_sap_m_IconTabBar_HorizontalTabHeight": "2.75rem",
	"_sap_m_IconTabBar_HorizontalWrapperHeight": "2.75rem",
	"_sap_m_IconTabBar_HorizontalTabWidth": "3.125rem",
	"_sap_m_IconTabBar_HorizontalCountTop": "0.375rem",
	"_sap_m_IconTabBar_HorizontalTextPaddingTop": "0.375rem",
	"_sap_m_IconTabBar_HorizontalTextPaddingLeft": "0.125rem",
	"_sap_m_IconTabBar_VerticalHeight": "4.625rem",
	"_sap_m_IconTabBar_VerticalContentArrowHeight": "0.625rem",
	"_sap_m_IconTabBar_FilterIconHeight": "2.75rem",
	"_sap_m_IconTabBar_FilterIconWidth": "2.75rem",
	"_sap_m_IconTabBar_FilterTextLineHeight": "0.875rem",
	"_sap_m_IconTabBar_SeparatorHeight": "2rem",
	"_sap_m_IconTabBar_SeparatorMargin": "0.75rem 0.25rem 0",
	"_sap_m_IconTabBar_TextOnlySeparatorMargin": "0.375rem 0.25rem 0.375rem",
	"_sap_m_IconTabBar_TextOnlySeparatorMarginCompact": "0.375rem 0.25rem 0.375rem",
	"_sap_m_IconTabBar_SeparatorIconHeight": "2.75rem",
	"__sap_m_IconTabBar_SeparatorIconLineHeight": "2.75rem",
	"_sap_m_IconTabBar_HeaderBackground": "#355464",
	"_sap_m_IconTabBar_HeaderBackgroundTranslucent": "#355464",
	"_sap_m_IconTabBar_HeaderBorderBottom": "none",
	"_sap_m_IconTabBar_HeaderShadow": "0 0.125rem 0.125rem 0 rgba(0,0,0,0.2), inset 0 -0.0625rem 0 0 #436a7f",
	"_sap_m_IconTabBar_ContentBackground": "#001628",
	"_sap_m_IconTabBar_ContentBackgroundTranslucent": "#355464",
	"_sap_m_IconTabBar_Compact_NoTextContentArrowHeight": "1rem",
	"_sap_m_IconTabBar_Compact_ContentArrowHeight": "1rem",
	"_sap_m_IconTabBar_Compact_NoTextContentArrowWidth": "2.375rem",
	"_sap_m_IconTabBar_Compact_InLineVerticalTabHeight": "2.75rem",
	"_sap_m_IconTabBar_Compact_InLineFilterTextMargin": "0.875rem 0 0 0",
	"_sap_m_IconTabBar_Compact_TextOnlyContentArrowHeight": "0.625rem",
	"_sap_m_IconTabBar_Compact_TextOnlyVerticalHeight": "3rem",
	"_sap_m_IconTabBar_Compact_TextOnlyTabPadding": "0 0 0.125rem 0",
	"_sap_m_IconTabBar_Compact_TextOnlyHeadPadding": "0 0.925rem 0 0.1875rem",
	"_sap_m_IconTabBar_Compact_TextOnlyTextLineHeight": "1rem",
	"_sap_m_IconTabBar_Compact_TextOnlyTextPadding": "0",
	"_sap_m_IconTabBar_Compact_NoTextTabWidth": "2.375rem",
	"_sap_m_IconTabBar_Compact_NoTextVerticalHeight": "3rem",
	"_sap_m_IconTabBar_Compact_HorizontalHeight": "3rem",
	"_sap_m_IconTabBar_Compact_HorizontalContentArrowHeight": "1rem",
	"_sap_m_IconTabBar_Compact_VerticalHeight": "3.875rem",
	"_sap_m_IconTabBar_Compact_FilterTextPadding": "0.375rem 0 0",
	"_sap_m_IconTabBar_Compact_HorizontalFocusBottom": "1rem",
	"_sap_m_IconTabBar_Overflow_BorderRadius": "0.75rem",
	"_sap_m_IconTabBar_Overflow_BackgroundColor": "#002442",
	"_sap_m_IconTabBar_Overflow_Border": "1px solid #004e8e",
	"_sap_m_IconTabBar_Overflow_TextColor": "#ededed",
	"_sap_m_IconTabBar_Overflow_Icon_Color": "#ededed",
	"_sap_m_IconTabBar_Overflow_BorderColorHover": "#004e8e",
	"_sap_m_IconTabBar_Overflow_BackgroundColorHover": "#002c51",
	"_sap_m_IconTabBar_Overflow_TextColorHover": "#ededed",
	"_sap_m_IconTabBar_Overflow_Icon_ColorHover": "#ededed",
	"_sap_m_IconTabBar_Overflow_BoxShadowHover": "none",
	"_sap_m_IconTabBar_Overflow_BackgroundColorPressed": "#262626",
	"_sap_m_IconTabBar_Overflow_BorderColorPressed": "#99d9d9",
	"_sap_m_IconTabBar_Overflow_TextColorPressed": "#99d9d9",
	"_sap_m_IconTabBar_Overflow_Icon_ColorPressed": "#99d9d9",
	"_sap_m_IconTabBar_Phone_TextOnlyContentArrowHeight": "0.5rem",
	"_sap_m_IconTabBar_Phone_Compact_TextOnlyContentArrowHeight": "0.75rem",
	"_sap_m_IconTabBar_ShellHeaderShadow": "0 0.125rem 0.125rem 0 rgba(0,0,0,0.8), inset 0 -0.0625rem 0 0 rgba(255,255,255,0.2)",
	"_sap_m_IconTabBar_ShellContentArrowHeight": "0.1875rem",
	"_sap_m_IconTabBar_ShellTextColor": "#ededed",
	"_sap_m_IconTabBar_ShellSelectedTextColor": "#99d9d9",
	"_sap_m_IconTabBar_ShellButtonOutlineColor": "#68a2b9",
	"_sap_m_IconTabBar_ShellOverflowBorderColor": "transparent",
	"_sap_m_IconTabBar_ShellOverflowHoverBorderColor": "transparent",
	"_sap_m_IconTabBar_ShellOverflowPressedBorderColor": "#355464",
	"_sap_m_IconTabBar_HeaderFocusBorderTopOffset": "-4px",
	"_sap_m_IconTabBar_HeaderFocusBorderBottomOffset": "-4px",
	"_sap_m_IconTabBar_HeaderFocusBorderRightOffset": "-3px",
	"_sap_m_IconTabBar_HeaderFocusBorderLeftOffset": "-3px",
	"_sap_m_IconTabBar_HeaderBorderRadius": "0.25rem",
	"_sap_m_IconTabBar_FilterExpandButtonBadgeTop": "1.125rem",
	"_sap_m_IconTabBar_Compact_FilterExpandButtonBadgeTop": "1.125rem",
	"_sap_m_IconTabBar_Badge_Neutral_Background": "#a9b4be",
	"_sap_m_IconTabBar_Badge_Positive_Background": "#6dad1f",
	"_sap_m_IconTabBar_Badge_Critical_Background": "#f7bf00",
	"_sap_m_IconTabBar_Badge_Negative_Background": "#fa6161",
	"_sap_m_IconTabBar_SelectListItem_PaddingLeft": "0.5rem",
	"_sap_m_IconTabBar_SelectListItem_PaddingLeftAdditional": "0",
	"_sap_m_IconTabBar_ListBorderRadius": "0px",
	"_sap_m_IconTabBar_List_Focus_Offset": "2px",
	"_sap_m_InputBase_InnerMinWidth": "2.75rem",
	"_sap_m_InputBase_InnerPadding": "0 0.625rem",
	"_sap_m_InputBase_DisabledOpacity": "0.4",
	"_sap_m_InputBase_IconLineHeight": "2.25rem",
	"_sap_m_InputBase_IconWidth": "2.25rem",
	"_sap_m_InputBase_Compact_IconWidth": "2rem",
	"_sap_m_InputBase_IconMinWidth": "2rem",
	"_sap_m_InputBaseWrapper_Sum_Border": "0",
	"_sap_m_InputBase_InnerMinWidth_Compact": "2rem",
	"_sap_m_InputBase_Compact_InnerPadding": "0 0.5rem",
	"_sap_m_InputBase_FocusOffset": "0px",
	"_sap_m_InputBase_FocusOffset_Busy": "0px",
	"_sap_m_InputBase_FocusBorderRadius": "0.25rem",
	"_InputBase_Control_MinWidth": "2.75rem",
	"_InputBase_Control_OneIcon_MinWidth": "5rem",
	"_InputBase_Control_TwoIcons_MinWidth": "7.25rem",
	"_InputBase_Control_State_MinWidth": "2.75rem",
	"_InputBase_Control_TwoIcons_State_MinWidth": "7.25rem",
	"_InputBase_Control_OneIcon_State_MinWidth": "5rem",
	"_InputBase_Control_MinWidth_Compact": "2rem",
	"_InputBase_Control_OneIcon_MinWidth_Compact": "4rem",
	"_InputBase_Control_TwoIcons_MinWidth_Compact": "6rem",
	"_InputBase_Control_State_MinWidth_Compact": "2rem",
	"_InputBase_Control_TwoIcons_State_MinWidth_Compact": "6rem",
	"_InputBase_Control_OneIcon_State_MinWidth_Compact": "4rem",
	"_sap_m_Label_AsteriskOffsetWidth": "0.5rem",
	"_sap_m_Label_ColonOffsetWidth": "0.25rem",
	"_sap_m_Label_ColonOffsetWidth_lang_FR": "0.5rem",
	"_sap_m_Label_ColonOffsetWidth_lang_ZH": "0.875rem",
	"_sap_m_LightBox_MinHeight": "18rem",
	"_sap_m_LightBox_FooterOneLineHeightCompact": "2.5rem",
	"_sap_m_LightBox_FooterTwoLinesHeightCompact": "3.5rem",
	"_sap_m_LightBox_FooterOneLineHeightCozy": "3rem",
	"_sap_m_LightBox_FooterTwoLinesHeightCozy": "3.5rem",
	"_sap_m_LightBox_TitleSectionPadding": "1rem",
	"_sap_m_LightBox_TitleSectionPaddingTwoLines": "0.5rem",
	"_sap_m_LightBox_BusyIndicatorHeight": "1rem",
	"_sap_m_LightBox_SubtitleMarginTop": "0.25rem",
	"_sap_m_LightBox_OverlayBackground": "#000",
	"_sap_m_LightBox_ContainerBackground": "#355464",
	"_sap_m_LightBox_OverlayOpacity": "0.2",
	"_sap_m_LightBox_FontFamily": "\"72-Bold\", \"72-Boldfull\", \"72\", \"72full\", Arial, Helvetica, sans-serif",
	"_sap_m_ListItemBase_DeleteIcon": "decline",
	"_sap_m_ListItemBase_ButtonMarginTop": "0",
	"_sap_m_ListItemBase_Highlight_InformationColor": "#68a2b9",
	"_sap_m_ListItemBase_Navigated": "#99d9d9",
	"_sap_m_ListItemBase_Detail_Delete_MarginLeft": "0.125rem",
	"_sap_m_ListItemBase_Focus_Outline": ".125rem solid #68a2b9",
	"_sap_m_ListItemBase_Focus_OffsetWithGap": "calc(-0.125rem - 0.0625rem)",
	"_sap_m_MessageBox_HeaderShadow": "inset 0 -0.0625rem",
	"_sap_m_MessageBox_InformationShadow": "inset 0 -0.0625rem #68a2b9, 0 0.125rem 0.125rem 0 rgba(0,0,0,0.2), inset 0 -0.0625rem 0 0 #436a7f",
	"_sap_m_MessageBox_WarningShadow": "inset 0 -0.0625rem #f7bf00, 0 0.125rem 0.125rem 0 rgba(0,0,0,0.2), inset 0 -0.0625rem 0 0 #436a7f",
	"_sap_m_MessageBox_ErrorShadow": "inset 0 -0.0625rem #fa6161, 0 0.125rem 0.125rem 0 rgba(0,0,0,0.2), inset 0 -0.0625rem 0 0 #436a7f",
	"_sap_m_MessageBox_SuccessShadow": "inset 0 -0.0625rem #6dad1f, 0 0.125rem 0.125rem 0 rgba(0,0,0,0.2), inset 0 -0.0625rem 0 0 #436a7f",
	"_sap_m_MessageBox_QuestionShadow": "inset 0 -0.0625rem #a9b4be",
	"_sap_m_MessageView_DescIcon_Width": "1rem",
	"_sap_m_InputWithTokens_TokenizerMinWidth": "3.25rem",
	"_InputBase_Control_Tokens_MinWidth": "8.25rem",
	"_InputBase_Control_Tokens_ReadOnly_MinWidth": "6rem",
	"_InputBase_Control_Tokens_State_MinWidth": "8.25rem",
	"_InputBase_Control_Tokens_MinWidth_Compact": "7.25rem",
	"_InputBase_Control_Tokens_ReadOnly_MinWidth_Compact": "5.25rem",
	"_InputBase_Control_Tokens_State_MinWidth_Compact": "7.25rem",
	"_sap_m_NotificationListGroup_Background": "#355464",
	"_sap_m_NotificationListGroup_HeaderColor": "#ededed",
	"_sap_m_NotificationListBase_ItemBackground": "#355464",
	"_sap_m_NotificationListBase_ItemGroupedBackground": "#355464",
	"sapMONInformativeElement": "#68a2b9",
	"_sap_m_Page_AppHeight": "3333px",
	"_sap_m_Page_HeaderHeight": "68px",
	"_sap_m_Page_MinHeightForHeader": "3401px",
	"_sap_m_Page_FloatinFooterHeight": "2.75rem",
	"_sap_m_Page_FloatinFooterHeight_Compact": "2.5rem",
	"_sap_m_Page_FloatingFooterMarginBottom": "0.5rem",
	"_sap_m_PlanningCalendarHeader_Background": "#355464",
	"_sap_m_Popover_ForceCompactArrowOffset": "true",
	"_sap_m_Popover_ArrowOffset": "8",
	"sapMPIPopoverCloseIconWidth": "1.4375rem",
	"sapMPIPopoverCloseIconHeight": "1.375rem",
	"sapMPIPopoverCloseIconMargin": "0.125rem",
	"sapMPITextLeftTextThreshold": "0.386",
	"_sap_m_QuickView_HorizontalLayoutMarginBottom": "0.75rem",
	"_sap_m_QuickView_HorizontalLayoutIconFontSize": "1.5rem",
	"_sap_m_QuickView_PagePaddingTop": "2.75rem",
	"_sap_m_QuickView_TitleMaxHeight": "2.125rem",
	"_sap_m_QuickViewCard_PagePadding": "1rem",
	"_sap_m_QuickView_TitleMarginBottom": "0.25rem",
	"_sap_m_QuickView_TitleFontSize": ".875rem",
	"_sap_m_QuickView_FormTitleFontSize": ".875rem",
	"_sap_m_Radio_Button_Read_Only_fill": "#fff",
	"_sap_m_RadioButtonGroup_WidthWithLabel": "2.75rem",
	"_sap_m_RadioButtonGroup_PaddingLeftLabel": "2.75rem",
	"_sap_m_RadioButtonGroup_PaddingLeftLabel_Form": "2.1875rem",
	"_sap_m_SearchField_Height": "2.75rem",
	"_sap_m_SearchField_ButtonSize": "2.25rem",
	"_sap_m_SearchField_ButtonFontSize": "1rem",
	"_sap_m_SearchField_CompactButtonLineHeight": "1.625rem",
	"_sap_m_SearchField_Compact_FormPaddingLeft": "0.5rem",
	"_sap_m_SearchField_ResetIcon": "\"\\e03e\"",
	"_sap_m_SearchField_SearchIcon": "\"\\e00d\"",
	"_sap_m_SearchField_PlaceholderColor": "#99d9d9",
	"_sap_m_SearchField_Border": "none",
	"_sap_m_SearchField_FocusOffset": "0",
	"_sap_m_SearchField_FocusBorderRadius": "inherit",
	"_sap_m_SearchField_PlaceholderFontStyle": "italic",
	"_sap_m_SearchField_ActiveBackgroundStyle": "0 100% / 100% .0625rem no-repeat linear-gradient(0deg, #68a2b9, #68a2b9) border-box",
	"_sap_m_SelectList_ItemHeight": "2.5rem",
	"_sap_m_SelectList_ItemCompactHeight": "2rem",
	"_sap_m_SuggestionsPopover_ItemMinHeight": "2.5rem",
	"_sap_m_SuggestionsPopover_ItemMinHeightCompact": "2rem",
	"_sap_m_SuggestionsPopover_GroupItemHeight": "2.75rem",
	"_sap_m_SuggestionsPopover_GroupItemHeightCompact": "2.75rem",
	"_sap_m_SuggestionsPopover_TabularItemHeight": "2.5rem",
	"_sap_m_SuggestionsPopover_TabularItemHeightCompact": "2rem",
	"_sap_m_SuggestionsPopover_TabularGroupItemHeight": "2.5rem",
	"_sap_m_SuggestionsPopover_TabularGroupItemHeightCompact": "2rem",
	"_sap_m_Shell_AppWidthLimit": "1280px",
	"_sap_m_Shell_AppWidthLimitBy2": "640px",
	"_sap_m_Shell_AppWidthLimitPlusPadding": "1296px",
	"_sap_m_Shell_AppHeight": "3333px",
	"_sap_m_Shell_HeaderHeight": "68px",
	"_sap_m_Shell_MinHeightForHeader": "3401px",
	"_sap_m_Shell_MinWidthForLogoAside": "1480px",
	"_sap_m_Shell_MinWidthForBigLogoAside": "1680px",
	"_sap_m_PlanningCalendarHeader_ActionsToolbarHeight_Compact": "3rem",
	"_sap_m_PlanningCalendarHeader_ActionsToolbarHeight": "2.75rem",
	"_sap_m_SinglePlanningCalendarGrid_HoursBackground": "#355464",
	"_sap_m_SinglePlanningCalendarGrid_RowHeadersWidth": "4rem",
	"_sap_m_SinglePlanningCalendarGrid_RowHeight": "4.3125rem",
	"_sap_m_SinglePlanningCalendarGrid_CompactRowHeight": "3rem",
	"_sap_m_SinglePlanningCalendar_sapUiCalendarAppType01": "#ffb300",
	"_sap_m_SinglePlanningCalendar_sapUiCalendarAppType02": "#f5734b",
	"_sap_m_SinglePlanningCalendar_sapUiCalendarAppType03": "#feabc8",
	"_sap_m_SinglePlanningCalendar_sapUiCalendarAppType04": "#db7070",
	"_sap_m_SinglePlanningCalendar_sapUiCalendarAppType05": "#ff8af0",
	"_sap_m_SinglePlanningCalendar_sapUiCalendarAppType06": "#89d1ff",
	"_sap_m_SinglePlanningCalendar_sapUiCalendarAppType07": "#2ce0bf",
	"_sap_m_SinglePlanningCalendar_sapUiCalendarAppType08": "#97dd40",
	"_sap_m_SinglePlanningCalendar_sapUiCalendarAppType09": "#a9b4be",
	"_sap_m_SinglePlanningCalendar_sapUiCalendarAppType10": "#aa7dd9",
	"_sap_m_SinglePlanningCalendar_sapUiCalendarAppType11": "#f58b00",
	"_sap_m_SinglePlanningCalendar_sapUiCalendarAppType12": "#fbbfac",
	"_sap_m_SinglePlanningCalendar_sapUiCalendarAppType13": "#ffa1a1",
	"_sap_m_SinglePlanningCalendar_sapUiCalendarAppType14": "#ff9e74",
	"_sap_m_SinglePlanningCalendar_sapUiCalendarAppType15": "#af9cc3",
	"_sap_m_SinglePlanningCalendar_sapUiCalendarAppType16": "#aabce3",
	"_sap_m_SinglePlanningCalendar_sapUiCalendarAppType17": "#dafdf5",
	"_sap_m_SinglePlanningCalendar_sapUiCalendarAppType18": "#d5f1b1",
	"_sap_m_SinglePlanningCalendar_sapUiCalendarAppType19": "#d1efff",
	"_sap_m_SinglePlanningCalendar_sapUiCalendarAppType20": "#e2d8ff",
	"_sap_m_SinglePlanningCalendar_sapUiCalendarAppBackgroundType01": "#382700",
	"_sap_m_SinglePlanningCalendar_sapUiCalendarAppBackgroundType02": "#501605",
	"_sap_m_SinglePlanningCalendar_sapUiCalendarAppBackgroundType03": "#510136",
	"_sap_m_SinglePlanningCalendar_sapUiCalendarAppBackgroundType04": "#411c1c",
	"_sap_m_SinglePlanningCalendar_sapUiCalendarAppBackgroundType05": "#28004a",
	"_sap_m_SinglePlanningCalendar_sapUiCalendarAppBackgroundType06": "#00144a",
	"_sap_m_SinglePlanningCalendar_sapUiCalendarAppBackgroundType07": "#012931",
	"_sap_m_SinglePlanningCalendar_sapUiCalendarAppBackgroundType08": "#1f2519",
	"_sap_m_SinglePlanningCalendar_sapUiCalendarAppBackgroundType09": "#182430",
	"_sap_m_SinglePlanningCalendar_sapUiCalendarAppBackgroundType10": "#30164b",
	"_sap_m_SinglePlanningCalendar_sapUiCalendarAppBackgroundType11": "#571400",
	"_sap_m_SinglePlanningCalendar_sapUiCalendarAppBackgroundType12": "#360c03",
	"_sap_m_SinglePlanningCalendar_sapUiCalendarAppBackgroundType13": "#3d0000",
	"_sap_m_SinglePlanningCalendar_sapUiCalendarAppBackgroundType14": "#421502",
	"_sap_m_SinglePlanningCalendar_sapUiCalendarAppBackgroundType15": "#332640",
	"_sap_m_SinglePlanningCalendar_sapUiCalendarAppBackgroundType16": "#121d35",
	"_sap_m_SinglePlanningCalendar_sapUiCalendarAppBackgroundType17": "#013131",
	"_sap_m_SinglePlanningCalendar_sapUiCalendarAppBackgroundType18": "#1e3009",
	"_sap_m_SinglePlanningCalendar_sapUiCalendarAppBackgroundType19": "#0a285c",
	"_sap_m_SinglePlanningCalendar_sapUiCalendarAppBackgroundType20": "#1c0c6e",
	"_sap_m_SplitContainer_AppHeight": "3333px",
	"_sap_m_SplitContainer_HeaderHeight": "68px",
	"_sap_m_SplitContainer_MinHeightForHeader": "3401px",
	"_sap_m_Switch_OnPosition": "-32",
	"_sap_m_Switch_OffPosition": "0",
	"_sap_m_Switch_TransitionTime": "175",
	"_sap_m_Table_SelNavColWidth": "2.75rem",
	"_sap_m_Table_CustomFocusMargin": "0px",
	"_sap_m_Text_TextShadowInTransparentToolbar": "none",
	"_sapMTextAreaPadding": "0.5rem 0.625rem 0.4375rem",
	"_sapMTextAreaPadding_Compact": "0.1875rem 0.5rem 0.125rem",
	"_sapMTextAreaReadonlyPadding": "0.4375rem 0.625rem 0.375rem",
	"_sapMTextAreaReadonlyPadding_Compact": "0.125rem 0.5rem 0.0625rem",
	"_sapMTextAreaValueStateSuccessPadding": "0.5rem 0.625rem 0.4375rem",
	"_sapMTextAreaValueStateSuccessPadding_Compact": "0.1875rem 0.5rem 0.125rem",
	"_sapMTextAreaValueStateInformationPadding": "0.5rem 0.625rem 0.4375rem",
	"_sapMTextAreaValueStateInformationPadding_Compact": "0.1875rem 0.5rem 0.125rem",
	"_sapMTextAreaValueStateErrorWarningPadding": "0.5rem 0.625rem 0.4375rem",
	"_sapMTextAreaValueStateErrorWarningPadding_Compact": "0.1875rem 0.5rem 0.125rem",
	"_sapMTextAreaContentWrapperPadding": "0.0625rem",
	"_sapMTextAreaContentWrapperValueStateSuccessPadding": "0.0625rem",
	"_sapMTextAreaContentWrapperValueStateInformationPadding": "0.0625rem 0.0625rem 0.125rem 0.0625rem",
	"_sapMTextAreaContentWrapperValueStateErrorWarningPadding": "0.0625rem 0.0625rem 0.125rem 0.0625rem",
	"_sap_m_Token_TokenPadding": "0.5rem",
	"_sap_m_Token_TokenCompactPadding": "0.25rem",
	"_sap_m_Token_LeftPadding": "0.3125rem",
	"_sap_m_Token_TokenSize": "1.4375rem",
	"_sap_m_Token_TokenCompactSize": "1rem",
	"_sap_m_Tokenizer_OutlineOffset": "0.3125rem",
	"_sap_m_Tokenizer_Token_MarginRight": "0.375rem",
	"_sap_m_Tokenizer_FontSizeRatioCozy": ".875rem",
	"_sap_m_Tokenizer_FontSizeRatioCompact": "1",
	"_sap_m_Toolbar_ShrinkItem_MinWidth": "2.5rem",
	"_sap_m_Wizard_NavHeight": "4rem",
	"_sap_m_WizardStep_Animation_Duration": "0.4s",
	"_sap_m_WizardProgressNavigator_NavHeight": "4rem",
	"_sap_m_WizardProgressNavigator_ListHeight": "2rem",
	"_sap_m_WizardProgressNavigator_ListItemHeight": "3rem",
	"_sap_m_WizardProgressNavigator_StepWidth": "2rem",
	"_sap_m_WizardProgressNavigator_StepPadding": "0.5rem",
	"_sap_m_WizardProgressNavigator_SmallSeparator": "0.25rem",
	"_sap_m_WizardProgressNavigator_StepUnderlineHeight": "0.188rem",
	"_sap_m_WizardProgressNavigator_StepOverlapOnPhone": "1.75rem",
	"_sap_m_Button_EmphasizedFocusColor": "#68a2b9",
	"_sap_m_Dialog_HeaderShadowColor": "#273e49",
	"_sap_m_FeedInput_BackgroundColor": "#253b46",
	"_sap_m_HeaderContainer_TranslucentBackground": "#355464",
	"_sap_m_IconTabBar_ArrowScrollPadding": "0.875rem 0.4rem",
	"_sap_m_IconTabBar_SplitContainerArrowScrollPadding": "0.875rem 0.4rem",
	"_sap_m_IconTabBar_Phone_ContentArrowHeight": "0.625rem",
	"_sap_m_IconTabBar_TextHoverColor": "#68a2b9",
	"_sap_m_IconTabBar_SelectedTextColor": "#99d9d9",
	"_sap_m_IconTabBar_SelectedTextHoverColor": "#74cbcb",
	"_sap_m_IconTabBar_ArrowScroll_AfterHeight": "1px",
	"_sap_m_IconTab_Bar_Separator_Line": "#3c7e99",
	"_sap_m_ListItemBase_ListTextShadowColor": "none",
	"_sap_m_MessageBox_Shadow": "0 0.125rem 0.125rem 0 rgba(0,0,0,0.2), inset 0 -0.0625rem 0 0 #436a7f",
	"_sap_m_NewsContent_HeaderTextColor": "#99d9d9",
	"_sap_m_NewsContent_SubHeaderTextColor": "#99d9d9",
	"_sap_m_ObjectAttribute_ListTextShadowColor": "none",
	"_sap_m_ObjectMarker_LinkShadowColor": "none",
	"_sap_m_RangeSlider_Handle_Height": "1.5rem",
	"_sap_m_RangeSlider_Handle_Width": "2rem",
	"_sap_m_RangeSlider_Handle_Height_Compact": "1.25rem",
	"_sap_m_RangeSlider_Handle_Width_Compact": "1.5rem",
	"_sap_m_SelectListItem_Height": "2.5rem",
	"_sap_m_SelectListItem_CompactHeight": "2rem",
	"_sap_m_SelectListItemBelizeFocus_Height": "0.25rem",
	"_sap_m_StandardListItem_TextShadowColor": "none",
	"_sap_m_StandardListItem_SelectedLabelColor": "#99d9d9",
	"_sap_m_TabStrip_ItemHoverTextColor": "#d4d4d4",
	"_sap_m_TabStrip_ItemSelectedTextColor": "#bababa",
	"_sap_m_TileContent_NewsContentBackgroundColor": "rgba(53,84,100,0.96)",
	"_sap_m_TileContent_NewsFooterTextColor": "#99d9d9",
	"_sap_m_TimePicker_ItemColor": "#304c5a",
	"_sap_m_TimePicker_ItemHoverColor": "#2a4350",
	"_sap_m_TimePicker_ItemBorderColor": "#355464",
	"_sap_m_ViewSettingsDialog_HeaderBorderColor": "#273e49",
	"_sap_m_WizardProgressNavigator_BoxShadow": "0.0625rem"
}