{
	"_sap_ui_dt_Overlay_FocusColor": "#68a2b9",
	"_sap_ui_dt_Overlay_TargetZoneColor": "#99d9d9",
	"_sap_ui_dt_Overlay_SelectionColor": "#99d9d9",
	"_sap_ui_dt_Overlay_CuttedColor": "#2e2e2e",
	"_sap_ui_dt_Overlay_CuttedBorder": "#a9b4be",
	"_sap_ui_dt_Overlay_HighlightColor": "#355464",
	"_sap_ui_dt_Overlay_ActiveBG": "rgba(169,180,190,0.1)",
	"_sap_ui_dt_ContextMenu_HoverBGColor": "#002442",
	"_sap_ui_dt_ContextMenu_OpenMenuBGColor": "rgba(0,36,66,0.6)",
	"_sap_ui_dt_ContextMenu_Focus_BorderColor": "#99d9d9",
	"_sap_ui_dt_ContextMenu_Border_Radius": ".25rem",
	"_sap_ui_dt_Overlay_BorderRadius": ".5rem",
	"_sap_ui_dt_Overlay_BoxShadow": "0px 6px 12px 0px rgba(0,0,0,0.3)"
}