{
	"_sap_ui_rta_Toolbar_Base_TextColor": "#fff",
	"_sap_ui_rta_Toolbar_Base_BaseColor": "#4c545d",
	"_sap_ui_rta_Toolbar_Base_BaseBG": "#355464",
	"_sap_ui_rta_Toolbar_Base_BoxShadow_DarkColor": "#000000",
	"_sap_ui_rta_Toolbar_Base_BoxShadow_LightColor": "#ffffff",
	"_sap_ui_rta_Toolbar_Border_Image": "repeating-linear-gradient(-45deg,#4c545d,#4c545d 0.25rem,#fff 0.25rem,#fff 0.375rem) 4",
	"_sap_ui_rta_Toolbar_Box_Shadow": "0.375rem 0.625rem 2rem rgba(0,0,0,0.3),0.125rem 0.375rem 1rem rgba(0,0,0,0.6),0 0 0 0.0625rem rgba(255,255,255,0.2),0 0.0625rem 0 0 rgba(255,255,255,0.2)",
	"_sap_ui_rta_Toolbar_Adaptation_BaseColor": "#355464",
	"_sap_ui_rta_Toolbar_Adaptation_BaseColorLight": "#002c51",
	"_sap_ui_rta_Toolbar_Adaptation_TextColor": "#ededed",
	"_sap_ui_rta_Toolbar_Adaptation_BtnFocusBorder": "transparent",
	"_sap_ui_rta_Toolbar_Adaptation_BtnHoverBG": "#002c51",
	"_sap_ui_rta_Toolbar_Adaptation_BorderColor": "grey",
	"_sap_ui_rta_Toolbar_Adaptation_DraftVersionColor": "#f7bf00",
	"_sap_ui_rta_Toolbar_Adaptation_ActiveVersionColor": "#97dd40",
	"_sap_ui_rta_Toolbar_Adaptation_BoxShadow_DarkColor": "#000000",
	"_sap_ui_rta_Toolbar_Adaptation_BoxShadow_LightColor": "#ffffff",
	"_sap_ui_rta_Toolbar_Adaptation_BtnHoverText": "#ededed",
	"_sap_ui_rta_Toolbar_Adaptation_SegBBtnHoverTextColor": "#ededed",
	"_sap_ui_rta_Toolbar_Adaptation_FocusOutlineCol": "#99d9d9",
	"_sap_ui_rta_Toolbar_Adaptation_VersionHistoryHover": "#2e2e2e",
	"_sap_ui_rta_Toolbar_Personalization_TextColor": "#fff",
	"_sap_ui_rta_Toolbar_Personalization_BaseColor": "#355464",
	"_sap_ui_rta_ChangeVisualization_ChangeIndicatorColorLight": "#7cb3e9",
	"_sap_ui_rta_ChangeVisualization_ChangeIndicatorColorMedium": "#327dc8",
	"_sap_ui_rta_ChangeVisualization_ChangeIndicatorColorDark": "#2c5c8b",
	"_sap_ui_rta_ChangeVisualization_DependentIndicatorColorTransparent": "#355464",
	"_sap_ui_rta_ChangeVisualization_OverlayBoxShadow": "0px 6px 12px 0px rgba(0,0,0,0.3)",
	"_sap_ui_rta_ChangeVisualization_OverlayOutline": "#99d9d9",
	"_sap_ui_rta_FieldRepository_Title": "#ededed",
	"_sap_ui_rta_FieldRepository_BtnFocusOtline": "#004e8e",
	"_sap_ui_rta_FieldRepository_BC_Container_Border": "#477085",
	"_sap_ui_rta_Overlay_PersButtonBG": "#1c4c4c",
	"_sap_ui_rta_Overlay_PersButtonBorder": "transparent",
	"_sap_ui_rta_Overlay_PersButtonIcon": "#002442",
	"_sap_ui_rta_Overlay_BorderColor": "#99d9d9",
	"_sap_ui_rta_Overlay_HoverBorder": "#355464",
	"_sap_ui_rta_Overlay_HoverBG": "rgba(153,217,217,0.05)",
	"_sap_ui_rta_Overlay_ErrorBorder": "#fa6161",
	"_sap_ui_rta_Overlay_BoxShadow": "0px 6px 12px 0px rgba(0,0,0,0.3)",
	"_sap_ui_rta_Overlay_ShellBG": "transparent",
	"_sap_ui_rta_Overlay_PlaceholderBG": "#001c32",
	"_sap_ui_rta_AddIFrame_Title": "#ededed",
	"_sap_ui_rta_AddIFrame_DelimiterLineColor": "#507e96",
	"_sap_ui_rta_AddIFrame_BorderColor": "#a9b4be",
	"_sap_ui_rta_AddIFrame_PreviewBG": "#0a0a0a",
	"_sap_ui_rta_ContextMenu_Border_LightColor": "#ffffff",
	"_sap_ui_rta_ContextMenu_Border_DarkColor": "#68a2b9",
	"_sap_ui_rta_ContextMenu_BoxShadow_DarkColor": "#000000",
	"_sap_ui_rta_ContextMenu_BoxShadow_LightColor": "#ffffff",
	"_sap_ui_rta_ContextMenu_BoxShadow": "0.375rem 0.625rem 2rem rgba(0,0,0,0.3),0.125rem 0.375rem 1rem rgba(0,0,0,0.6),0 0 0 0.0625rem rgba(255,255,255,0.2),0 0.0625rem 0 0 rgba(255,255,255,0.2)",
	"_sap_ui_rta_Dialogs_BorderLightColor": "#355464",
	"_sap_ui_rta_Dialogs_BorderDarkColor": "#68a2b9",
	"_sap_ui_rta_Dialogs_BoxShadowDarkColor": "#000000",
	"_sap_ui_rta_Dialogs_BoxShadowLightColor": "#ffffff",
	"_sap_ui_rta_Dialogs_BorderBoxShadow": "0.375rem 0.625rem 2rem rgba(0,0,0,0.3),0.125rem 0.375rem 1rem rgba(0,0,0,0.6),0 0 0 0.0625rem rgba(255,255,255,0.2),0 0.0625rem 0 0 rgba(255,255,255,0.2)",
	"_sap_ui_rta_Dialogs_ArrowBoxShadow": "0.375rem -0.375rem 0.75rem 0 rgba(0,0,0,0.3),0 0 0 0.0625rem rgba(255,255,255,0.2)",
	"_sap_ui_rta_Dialogs_ArrowUpBoxShadow": "-0.375rem 0.375rem 0.75rem 0 rgba(0,0,0,0.3),0 0 0 0.0625rem rgba(255,255,255,0.2)",
	"_sap_ui_rta_Dialogs_BorderImage": "repeating-linear-gradient(-45deg, #68a2b9,#68a2b9 0.3125rem,#355464 0.3125rem,#355464 0.625rem) 4",
	"_sap_ui_rta_Dialogs_PopoverBorderImage": "repeating-linear-gradient(-45deg, #68a2b9,#68a2b9 0.25rem,#355464 0.25rem,#355464 0.375rem) 4",
	"_sap_ui_rta_Dialogs_ArrowBorderImage": "repeating-linear-gradient(-50deg, #68a2b9,#68a2b9 0.1875rem,#355464 0.1875rem,#355464 0.3125rem) 4",
	"_sap_ui_rta_Overlay_BorderRadius": ".5rem",
	"_sap_ui_rta_ContextMenu_Border_Radius": ".5rem",
	"_sap_ui_rta_Dialogs_BorderRadius": ".75rem",
	"_sap_ui_rta_AddIFrame_BorderRadius": ".5rem",
	"_sap_ui_rta_AddIFrame_PreviewTlbarHoverBG": "#002c51",
	"_sap_ui_rta_FieldRepository_ListSelect": "#363636",
	"_sap_ui_rta_FieldRepository_BtnHoverOutline": "#99d9d9",
	"_sap_ui_rta_FieldRepository_ListItmBorderRadius": ".5rem",
	"_sap_ui_rta_Toolbar_Adaptation_FocusColor": "#000",
	"_sap_ui_rta_Toolbar_Adaptation_BorderRadius": ".5rem",
	"_sap_ui_rta_Toolbar_Adaptation_SegBBtnSelHoverBG": "#5797b1",
	"_sap_ui_rta_Toolbar_Adaptation_SegBBtnHoverBG": "rgba(169,180,190,0.3)",
	"_sap_ui_rta_Toolbar_Adaptation_SegBBtnBG": "#68a2b9",
	"_sap_ui_rta_Toolbar_Base_OutlineColor": "#68a2b9",
	"_sap_ui_rta_ChangeVisualization_BorderRadius": ".5rem"
}