{
	"sapVizChartBackgroundColor": "#001628",
	"sapVizChartErrorColor": "#ededed",
	"sapVizChartTooltipBackgroundColor": "#001628",
	"sapVizChartBackgroundStroke": "#d8d8d8",
	"sapVizChartPieSectorStroke": "#001628",
	"sapVizChartHoverColor": "#CCCCCC",
	"sapVizChartHoverline": "#CCCCCC",
	"sapVizChartHoverShadow": "#CCCCCC",
	"sapVizChartHoverShadowMouseDown": "#808080",
	"sapVizChartInnerWhisker": "#000000",
	"sapVizChartTitleColor": "#ededed",
	"sapVizChartLabelColor": "#ededed",
	"sapVizChartAxisColor": "#ededed",
	"sapVizChartAxisGridlineColor": "#d8d8d8",
	"sapVizChartTooltipBorderStroke": "#d8d8d8",
	"sapVizChartHiddenTitleColor": "#a6a6a6",
	"sapFieldBorderWidth": ".0625rem",
	"sapUiChartFocusWidth": "2px"
}