{
	"sapCaUiChartSemanticColor-Neutral-Dark": "#5b728b",
	"sapCaUiChartSemanticColor-Neutral": "#758ca4",
	"sapCaUiChartSemanticColor-Neutral-Light": "#94a6b8",
	"sapCaUiChartSemanticColor-Good-Dark": "#236b38",
	"sapCaUiChartSemanticColor-Good": "#30914c",
	"sapCaUiChartSemanticColor-Good-Light": "#3db760",
	"sapCaUiChartSemanticColor-Critical-Dark": "#af4d00",
	"sapCaUiChartSemanticColor-Critical": "#e26300",
	"sapCaUiChartSemanticColor-Critical-Light": "#ff7c16",
	"sapCaUiChartSemanticColor-Bad-Dark": "#e90b0b",
	"sapCaUiChartSemanticColor-Bad": "#f53232",
	"sapCaUiChartSemanticColor-Bad-Light": "#f76363",
	"sapCaUiChartBackgroundColor": "#fefefe",
	"sapCaUiChartAxisStroke": "#bcbcbc",
	"sapCaUiChartAxisGridlineColor": "#bcbcbc",
	"sapCaUiChartBackgroundStroke": "#bcbcbc",
	"sapCaUiChartFontFamily": "\"72\", \"72full\", Arial, Helvetica, sans-serif",
	"sapCaUiChartFontSize": ".75rem",
	"sapCaUiChartAxisFontSize": ".75rem",
	"sapCaUiChartFontColor": "#001628",
	"sapCaUiChartFontWeight": "normal",
	"sapCaUiChartDataLabelShadow": "0px 0px 5px rgba(255,255,255,0.5)",
	"sapCaUiChartToolBarBackground": "#fefefe",
	"sapCaUiChartToolBarFullscreenBackground": "#fefefe",
	"sapCaUiChartToolBarTitleShadow": "#fff",
	"sapCaUiChartToolBarTitleFontFamily": "\"72\", \"72full\", Arial, Helvetica, sans-serif",
	"sapCaUiChartToolBarTitleFontSize": ".875rem",
	"sapCaUiChartToolBarTitleFontWeight": "normal",
	"sapCaUiChartToolBarTitleFontColor": "#68a2b9",
	"sapCaUiChartPopoverItemFontFamily": "\"72\", \"72full\", Arial, Helvetica, sans-serif",
	"sapCaUiChartPopoverItemFontSize": ".875rem",
	"sapCaUiChartPopoverItemFontColor": "#001628",
	"sapCaUiChartPopoverItemFontWeight": "normal",
	"sapCaUiChartPopoverGroupFontFamily": "\"72\", \"72full\", Arial, Helvetica, sans-serif",
	"sapCaUiChartPopoverGroupFontSize": ".875rem",
	"sapCaUiChartPopoverGroupFontColor": "#001628",
	"sapCaUiChartPopoverGroupFontWeight": "bold",
	"sapCaUiChartPopoverCloseIconSize": "38px",
	"sapCaUiChartTitleColor": "#001628",
	"sapCaUiChartTitleFontFamily": "\"72\", \"72full\", Arial, Helvetica, sans-serif",
	"sapCaUiChartTitleFontSize": "1rem",
	"sapCaUiChartPopoverCloseIcon": "decline",
	"sapCaUiChartPopoverCloseIconColor": "#001628",
	"sapCaUiChartToolBarIconColor": "#001628",
	"sapCaUiChartToolBarActiveIconColor": "#e3e3e3",
	"sapCaUiChartToolBarIconSize": "1.375rem"
}